{
  "years": [
    1977,
    1981,
    1983,
    2002,
    2004,
    2005,
    2006,
    2007,
    2008,
    2009,
    2010,
    2011,
    2012,
    2013,
    2014,
    2015,
    2016,
    2017,
    2018,
    2019,
    2020,
    2021,
    2022,
    2023,
    2024,
    2025
  ],
  "medians": [
    0.0005,
    0.0005,
    0.0005,
    0.0025,
    0.0005,
    0.0005,
    0.0005,
    0.0005,
    0.0005,
    0.0005,
    0.0005,
    0.0005,
    0.0005,
    0.0005,
    0.0005,
    0.0005,
    0.0005,
    0.0005,
    0.0005,
    0.0005,
    0.000255,
    0.00042,
    0.00042,
    0.00042,
    0.00045,
    0.00065
  ],
  "means": [
    0.0005,
    0.0005,
    0.0005,
    0.0025,
    0.0005,
    0.0009,
    0.0005,
    0.0005,
    0.0005,
    0.0005,
    0.0005,
    0.0005,
    0.0005,
    0.0005,
    0.0005,
    0.0005,
    0.0005,
    0.0005,
    0.0005,
    0.0005,
    0.000365,
    0.00042,
    0.00042,
    0.000422,
    0.000448,
    0.000623
  ],
  "counts": [
    3,
    4,
    4,
    7,
    12,
    21,
    64,
    26,
    37,
    22,
    18,
    20,
    17,
    144,
    19,
    18,
    30,
    597,
    701,
    97,
    207,
    45,
    36,
    23,
    19,
    22
  ],
  "pct_nd": [
    100.0,
    100.0,
    100.0,
    100.0,
    100.0,
    100.0,
    100.0,
    100.0,
    100.0,
    100.0,
    100.0,
    100.0,
    100.0,
    100.0,
    100.0,
    100.0,
    100.0,
    100.0,
    100.0,
    100.0,
    100.0,
    100.0,
    100.0,
    100.0,
    100.0,
    100.0
  ]
}